Library,Term,P_value,Combined_score,Genes
KEGG_2021_Human,NF-kappa B signaling pathway,2.2135277812887712e-07,1741.5385893600162,"['CD40', 'IL1B', 'LTB', 'NFKB2']"
KEGG_2021_Human,Leishmaniasis,8.854114822628033e-06,1174.173758635806,"['IL1B', 'PTPN6', 'HLA-DQA1']"
KEGG_2021_Human,Rheumatoid arthritis,1.5631683576077948e-05,917.5271950726154,"['IL1B', 'LTB', 'HLA-DQA1']"
KEGG_2021_Human,Influenza A,9.802851385094936e-05,405.9399361453565,"['IFIH1', 'IL1B', 'HLA-DQA1']"
KEGG_2021_Human,Asthma,0.00012676847134630674,1372.4447355060008,"['CD40', 'HLA-DQA1']"
KEGG_2021_Human,Epstein-Barr virus infection,0.00015777350195623718,326.4734702055378,"['CD40', 'HLA-DQA1', 'NFKB2']"
KEGG_2021_Human,Allograft rejection,0.00019125062201490235,1054.5438650851984,"['CD40', 'HLA-DQA1']"
KEGG_2021_Human,Human T-cell leukemia virus 1 infection,0.0002002595241484436,292.3347565132512,"['CD40', 'HLA-DQA1', 'NFKB2']"
KEGG_2021_Human,Graft-versus-host disease,0.00023395379676191284,926.5631028013964,"['IL1B', 'HLA-DQA1']"
KEGG_2021_Human,Type I diabetes mellitus,0.00024529265118944116,898.8015841018229,"['IL1B', 'HLA-DQA1']"
KEGG_2021_Human,Intestinal immune network for IgA production,0.00030595321755068756,779.6150655284314,"['CD40', 'HLA-DQA1']"
KEGG_2021_Human,Malaria,0.000332063883264561,739.4956618223716,"['CD40', 'IL1B']"
KEGG_2021_Human,Autoimmune thyroid disease,0.00037320219519280473,685.744723074984,"['CD40', 'HLA-DQA1']"
KEGG_2021_Human,Legionellosis,0.0004317248461169507,624.012494544775,"['IL1B', 'NFKB2']"
KEGG_2021_Human,Viral myocarditis,0.00047836212312948043,583.8135471866307,"['CD40', 'HLA-DQA1']"
KEGG_2021_Human,Cytokine-cytokine receptor interaction,0.00048008510101276125,193.29908569222678,"['CD40', 'IL1B', 'LTB']"
KEGG_2021_Human,Inflammatory bowel disease,0.0005613009114282874,526.1063826886168,"['IL1B', 'HLA-DQA1']"
KEGG_2021_Human,Hematopoietic cell lineage,0.0012957918894975805,302.9888042778111,"['IL1B', 'HLA-DQA1']"
KEGG_2021_Human,Toll-like receptor signaling pathway,0.0014285426986205881,283.8382016858443,"['CD40', 'IL1B']"
KEGG_2021_Human,C-type lectin receptor signaling pathway,0.0014285426986205881,283.8382016858443,"['IL1B', 'NFKB2']"
KEGG_2021_Human,Th17 cell differentiation,0.0015111984615165264,273.3198779565988,"['IL1B', 'HLA-DQA1']"
KEGG_2021_Human,Toxoplasmosis,0.0016539467166369409,257.20578274015594,"['CD40', 'HLA-DQA1']"
KEGG_2021_Human,Osteoclast differentiation,0.002119340192099299,217.41458651355765,"['IL1B', 'NFKB2']"
KEGG_2021_Human,Herpes simplex virus 1 infection,0.00218118692875676,90.49773590300126,"['IFIH1', 'IL1B', 'HLA-DQA1']"
KEGG_2021_Human,Systemic lupus erythematosus,0.002390136782767359,200.2654158620726,"['CD40', 'HLA-DQA1']"
KEGG_2021_Human,Measles,0.0025313777538768715,192.53031695664313,"['IFIH1', 'IL1B']"
KEGG_2021_Human,Cell adhesion molecules,0.002863318100961287,176.85864001166365,"['CD40', 'HLA-DQA1']"
KEGG_2021_Human,Tuberculosis,0.004199978047897054,135.354786326664,"['IL1B', 'HLA-DQA1']"
KEGG_2021_Human,Pathogenic Escherichia coli infection,0.005007592046728153,119.48132348032874,"['IL1B', 'PTPN6']"
KEGG_2021_Human,Lipid and atherosclerosis,0.005934904749305065,105.7795090635104,"['CD40', 'IL1B']"
KEGG_2021_Human,Coronavirus disease,0.006877754345955015,95.0620396785657,"['IFIH1', 'IL1B']"
KEGG_2021_Human,MAPK signaling pathway,0.010851363517033395,67.80721536349225,"['IL1B', 'NFKB2']"
KEGG_2021_Human,African trypanosomiasis,0.020167646885642113,216.36122001333428,['IL1B']
KEGG_2021_Human,Primary immunodeficiency,0.020707551273270317,209.07845583696505,['CD40']
KEGG_2021_Human,Cytosolic DNA-sensing pathway,0.03411758472221407,108.56815667877291,['IL1B']
KEGG_2021_Human,RIG-I-like receptor signaling pathway,0.037842362503763806,94.52837096535384,['IFIH1']
KEGG_2021_Human,Adherens junction,0.038373406353793084,92.77674343537714,['PTPN6']
KEGG_2021_Human,Pertussis,0.041024631208246766,84.79600603121183,['IL1B']
KEGG_2021_Human,Antigen processing and presentation,0.042083259330542556,81.92637908684091,['HLA-DQA1']
KEGG_2021_Human,B cell receptor signaling pathway,0.04366920970201921,77.92163622636126,['PTPN6']
KEGG_2021_Human,Complement and coagulation cascades,0.0457800971719973,73.07755450297252,['SERPINB2']
KEGG_2021_Human,PD-L1 expression and PD-1 checkpoint pathway in cancer,0.04788674820170976,68.72440526863295,['PTPN6']
KEGG_2021_Human,Th1 and Th2 cell differentiation,0.04946396091014192,65.74016991684287,['HLA-DQA1']
KEGG_2021_Human,IL-17 signaling pathway,0.05051411613720297,63.87049121569168,['IL1B']
KEGG_2021_Human,Staphylococcus aureus infection,0.051038798139041684,62.96913934936651,['HLA-DQA1']
KEGG_2021_Human,Inflammatory mediator regulation of TRP channels,0.052611263106800116,60.390164935250596,['IL1B']
KEGG_2021_Human,AGE-RAGE signaling pathway in diabetic complications,0.05365825675086383,58.768318421882675,['IL1B']
KEGG_2021_Human,Amoebiasis,0.05470419842989522,57.218658530075224,['IL1B']
KEGG_2021_Human,Chagas disease,0.05470419842989522,57.218658530075224,['IL1B']
KEGG_2021_Human,T cell receptor signaling pathway,0.05574908910260626,55.73667787879545,['PTPN6']
KEGG_2021_Human,TNF signaling pathway,0.059918160687097384,50.40730639649694,['IL1B']
KEGG_2021_Human,Natural killer cell mediated cytotoxicity,0.0697527247352707,40.677324049781355,['PTPN6']
KEGG_2021_Human,Yersinia infection,0.07283888870776588,38.23899878007725,['IL1B']
KEGG_2021_Human,Fluid shear stress and atherosclerosis,0.07386553979752421,37.47967865613064,['IL1B']
KEGG_2021_Human,Breast cancer,0.07796181792371293,34.67817161188282,['NFKB2']
KEGG_2021_Human,Phagosome,0.08051362066732017,33.09830919045184,['HLA-DQA1']
KEGG_2021_Human,Non-alcoholic fatty liver disease,0.08204161892727208,32.20648378609581,['IL1B']
KEGG_2021_Human,Necroptosis,0.08407535915990233,31.077458185860923,['IL1B']
KEGG_2021_Human,JAK-STAT signaling pathway,0.08559797531574136,30.27272103834212,['PTPN6']
KEGG_2021_Human,Hepatitis B,0.08559797531574136,30.27272103834212,['IFIH1']
KEGG_2021_Human,NOD-like receptor signaling pathway,0.09518789678290693,25.88268679130435,['IL1B']
KEGG_2021_Human,Transcriptional misregulation in cancer,0.1006980759679046,23.7952119088621,['CD40']
KEGG_2021_Human,Viral carcinogenesis,0.10617773281045749,21.96788850664253,['NFKB2']
KEGG_2021_Human,Proteoglycans in cancer,0.10717076670990663,21.660033820099166,['PTPN6']
KEGG_2021_Human,Human cytomegalovirus infection,0.11704608772043043,18.92840675329542,['IL1B']
KEGG_2021_Human,Shigellosis,0.12730821416208352,16.610298800727964,['IL1B']
KEGG_2021_Human,Salmonella infection,0.1287653473428992,16.316283112788998,['IL1B']
KEGG_2021_Human,Prion disease,0.14034302989488234,14.23441008025602,['IL1B']
KEGG_2021_Human,Alzheimer disease,0.18526858745771085,8.98913019102634,['IL1B']
KEGG_2021_Human,Pathways of neurodegeneration,0.23238632555336286,6.008290122542512,['IL1B']
KEGG_2021_Human,Pathways in cancer,0.25626566782833365,4.998909185724169,['NFKB2']
Reactome_2022,Cytokine Signaling In Immune System R-HSA-1280215,3.328464633152129e-10,1617.9878636180388,"['CD40', 'SERPINB2', 'IL1B', 'PTPN6', 'LTB', 'XAF1', 'HLA-DQA1', 'NFKB2']"
Reactome_2022,Immune System R-HSA-168256,7.356480173375756e-10,1964.4208140911692,"['IFIH1', 'CD40', 'SERPINB2', 'IL1B', 'SLAMF7', 'PTPN6', 'LTB', 'XAF1', 'HLA-DQA1', 'NFKB2']"
Reactome_2022,Interleukin-1 Processing R-HSA-448706,9.87909375255386e-06,7310.931552421126,"['IL1B', 'NFKB2']"
Reactome_2022,TNFR2 Non-Canonical NF-kB Pathway R-HSA-5668541,1.943756475353003e-05,834.256871154208,"['CD40', 'LTB', 'NFKB2']"
Reactome_2022,TNF Receptor Superfamily (TNFSF) Members Mediating Non-Canonical NF-kB Pathway R-HSA-5676594,3.723204414400794e-05,3017.8023474852107,"['CD40', 'LTB']"
Reactome_2022,PD-1 Signaling R-HSA-389948,5.74219267049387e-05,2280.8039070745754,"['PTPN6', 'HLA-DQA1']"
Reactome_2022,Interleukin-1 Family Signaling R-HSA-446652,6.790536245930654e-05,479.22565702731436,"['IL1B', 'PTPN6', 'NFKB2']"
Reactome_2022,Signaling By Interleukins R-HSA-449147,7.553441290887728e-05,236.01987896180677,"['SERPINB2', 'IL1B', 'PTPN6', 'NFKB2']"
Reactome_2022,TRAF6 Mediated NF-kB Activation R-HSA-933542,8.193318465282479e-05,1815.1903638966749,"['IFIH1', 'NFKB2']"
Reactome_2022,Cell Recruitment (Pro-Inflammatory Response) R-HSA-9664424,8.193318465282479e-05,1815.1903638966749,"['IL1B', 'NFKB2']"
Reactome_2022,Interferon Signaling R-HSA-913531,0.00015320271943439296,330.92884130781977,"['PTPN6', 'XAF1', 'HLA-DQA1']"
Reactome_2022,Adaptive Immune System R-HSA-1280218,0.00048052658100946943,115.35057456674096,"['CD40', 'SLAMF7', 'PTPN6', 'HLA-DQA1']"
Reactome_2022,Costimulation By CD28 Family R-HSA-388841,0.0006141796834823028,496.077536690995,"['PTPN6', 'HLA-DQA1']"
Reactome_2022,Interferon Alpha/Beta Signaling R-HSA-909733,0.0006883061323478026,460.4309643116587,"['PTPN6', 'XAF1']"
Reactome_2022,DDX58/IFIH1-mediated Induction Of Interferon-Alpha/Beta R-HSA-168928,0.0008701489723470014,394.66302789388175,"['IFIH1', 'NFKB2']"
Reactome_2022,Interferon Gamma Signaling R-HSA-877300,0.001049178217319043,348.7170015767893,"['PTPN6', 'HLA-DQA1']"
Reactome_2022,CLEC7A (Dectin-1) Signaling R-HSA-5607764,0.0012957918894975805,302.9888042778111,"['IL1B', 'NFKB2']"
Reactome_2022,Infectious Disease R-HSA-5663205,0.0013323101056626748,75.23979365614413,"['IFIH1', 'IL1B', 'PTPN6', 'NFKB2']"
Reactome_2022,Interleukin-1 Signaling R-HSA-9020702,0.0017127866353649158,251.20874510849845,"['IL1B', 'NFKB2']"
Reactome_2022,Innate Immune System R-HSA-168249,0.0017554851888577062,66.66964088587542,"['IFIH1', 'IL1B', 'PTPN6', 'NFKB2']"
Reactome_2022,SARS-CoV-2 Activates/Modulates Innate And Adaptive Immune Responses R-HSA-9705671,0.0019265251216805841,231.98502749281076,"['IFIH1', 'PTPN6']"
Reactome_2022,Immunoregulatory Interactions Between A Lymphoid And A non-Lymphoid Cell R-HSA-198933,0.001989813866519725,226.94817503952012,"['CD40', 'SLAMF7']"
Reactome_2022,C-type Lectin Receptors (CLRs) R-HSA-5621481,0.002603452518013559,188.85003827672878,"['IL1B', 'NFKB2']"
Reactome_2022,CD22 Mediated BCR Regulation R-HSA-5690714,0.0032958256764104633,2284.210591570385,['PTPN6']
Reactome_2022,CLEC7A/inflammasome Pathway R-HSA-5660668,0.0032958256764104633,2284.210591570385,['IL1B']
Reactome_2022,DEx/H-box Helicases Activate Type I IFN And Inflammatory Cytokines Production R-HSA-3134963,0.00384417200458596,1852.1566750462314,['NFKB2']
Reactome_2022,IkBA Variant Leads To EDA-ID R-HSA-5603029,0.00384417200458596,1852.1566750462314,['NFKB2']
Reactome_2022,SARS-CoV-2-host Interactions R-HSA-9705683,0.004958240758068908,120.3278480662615,"['IFIH1', 'PTPN6']"
Reactome_2022,SUMOylation Of Immune Response Proteins R-HSA-4755510,0.006034818727760455,1020.9687483548147,['NFKB2']
Reactome_2022,PECAM1 Interactions R-HSA-210990,0.006581796197874835,912.3494182081016,['PTPN6']
Reactome_2022,Dissolution Of Fibrin Clot R-HSA-75205,0.00712850018242009,822.994869532877,['SERPINB2']
Reactome_2022,NF-kB Activation Thru FADD/RIP-1 Pathway Mediated By Caspase-8 And -10 R-HSA-933543,0.00712850018242009,822.994869532877,['IFIH1']
Reactome_2022,Signal Regulatory Protein Family Interactions R-HSA-391160,0.00712850018242009,822.994869532877,['PTPN6']
Reactome_2022,Regulation Of IFNG Signaling R-HSA-877312,0.007674930787541144,748.3003458854362,['PTPN6']
Reactome_2022,Leishmania Infection R-HSA-9658195,0.0077629094050822925,87.00608791190685,"['IL1B', 'NFKB2']"
Reactome_2022,TRAF3-dependent IRF Activation Pathway R-HSA-918233,0.008221088123671455,685.0073410932765,['IFIH1']
Reactome_2022,Regulation Of KIT Signaling R-HSA-1433559,0.008766972300957528,630.7474630602054,['PTPN6']
Reactome_2022,NLRP3 Inflammasome R-HSA-844456,0.008766972300957528,630.7474630602054,['NFKB2']
Reactome_2022,Platelet Sensitization By LDL R-HSA-432142,0.009312583434128836,583.7594513941907,['PTPN6']
Reactome_2022,Translocation Of ZAP-70 To Immunological Synapse R-HSA-202430,0.009312583434128836,583.7594513941907,['HLA-DQA1']
Reactome_2022,RIP-mediated NFkB Activation Via ZBP1 R-HSA-1810476,0.009312583434128836,583.7594513941907,['NFKB2']
Reactome_2022,SARS-CoV-2 Infection R-HSA-9694516,0.010086440725437709,71.64022832647571,"['IFIH1', 'PTPN6']"
Reactome_2022,Phosphorylation Of CD3 And TCR Zeta Chains R-HSA-202427,0.010947779702855981,474.5101770765117,['HLA-DQA1']
Reactome_2022,Disease R-HSA-1643685,0.011351082467852212,26.97555877958066,"['IFIH1', 'IL1B', 'PTPN6', 'NFKB2']"
Reactome_2022,Interleukin-37 Signaling R-HSA-9008059,0.011492299803033998,445.91556292503236,['PTPN6']
Reactome_2022,Inflammasomes R-HSA-622312,0.011492299803033998,445.91556292503236,['NFKB2']
Reactome_2022,ZBP1(DAI) Mediated Induction Of Type I IFNs R-HSA-1606322,0.011492299803033998,445.91556292503236,['NFKB2']
Reactome_2022,Growth Hormone Receptor Signaling R-HSA-982772,0.013124225781325726,376.1677267870623,['PTPN6']
Reactome_2022,Regulation Of IFNA/IFNB Signaling R-HSA-912694,0.013667656724254873,357.1008995813401,['PTPN6']
Reactome_2022,Pyroptosis R-HSA-5620971,0.014210815676953212,339.6876146735057,['IL1B']
Reactome_2022,Signaling By ALK R-HSA-201556,0.014210815676953212,339.6876146735057,['PTPN6']
Reactome_2022,Interleukin Receptor SHC Signaling R-HSA-912526,0.01475370275603204,323.7277777065472,['PTPN6']
Reactome_2022,TRAF6 Mediated IRF7 Activation R-HSA-933541,0.015296318080509241,309.05191525436794,['IFIH1']
Reactome_2022,SARS-CoV Infections R-HSA-9679506,0.016725284286301073,48.60450401405494,"['IFIH1', 'PTPN6']"
Reactome_2022,Antigen Activates B Cell Receptor Leading To Second Messenger Generation R-HSA-983695,0.016922534733464,271.3831303578043,['PTPN6']
Reactome_2022,Diseases Associated With TLR Signaling Cascade R-HSA-5602358,0.016922534733464,271.3831303578043,['NFKB2']
Reactome_2022,GPVI-mediated Activation Cascade R-HSA-114604,0.017464064240814415,260.5877419554691,['PTPN6']
Reactome_2022,Generation Of Second Messenger Molecules R-HSA-202433,0.017464064240814415,260.5877419554691,['HLA-DQA1']
Reactome_2022,Gene And Protein Expression By JAK-STAT Signaling After Interleukin-12 Stimulation R-HSA-8950505,0.01908702632439229,232.34348501767582,['SERPINB2']
Reactome_2022,Negative Regulators Of DDX58/IFIH1 Signaling R-HSA-936440,0.01908702632439229,232.34348501767582,['IFIH1']
Reactome_2022,Ovarian Tumor Domain Proteases R-HSA-5689896,0.021247185233602552,202.2155053364779,['IFIH1']
Reactome_2022,Signaling By SCF-KIT R-HSA-1433557,0.022864465733773234,183.82185575175376,['PTPN6']
Reactome_2022,Interleukin-12 Signaling R-HSA-9020591,0.023941302793523297,173.11969096681065,['SERPINB2']
Reactome_2022,Interleukin-2 Family Signaling R-HSA-451927,0.023941302793523297,173.11969096681065,['PTPN6']
Reactome_2022,"Interleukin-3, Interleukin-5 And GM-CSF Signaling R-HSA-512988",0.023941302793523297,173.11969096681065,['PTPN6']
Reactome_2022,TAK1-dependent IKK And NF-kappa-B Activation R-HSA-445989,0.02447931669919003,168.16929253740548,['NFKB2']
Reactome_2022,Interleukin-10 Signaling R-HSA-6783783,0.02447931669919003,168.16929253740548,['IL1B']
Reactome_2022,PKMTs Methylate Histone Lysines R-HSA-3214841,0.02555453587694348,158.97781166869382,['NFKB2']
Reactome_2022,"Nucleotide-binding Domain, Leucine Rich Repeat Containing NLR Signaling Pathways R-HSA-168643",0.02877373299362358,136.0428936891653,['NFKB2']
Reactome_2022,Interleukin-12 Family Signaling R-HSA-447115,0.02930932497110778,132.7756240232595,['SERPINB2']
Reactome_2022,Regulated Necrosis R-HSA-5218859,0.030914490381785415,123.7458530082544,['IL1B']
Reactome_2022,NIK To Noncanonical NF-kB Signaling R-HSA-5676590,0.03144900907971979,120.96932931919562,['NFKB2']
Reactome_2022,Dectin-1 Mediated Noncanonical NF-kB Signaling R-HSA-5607761,0.03305095755598113,113.25334294423654,['NFKB2']
Reactome_2022,Cytosolic Sensors Of Pathogen-Associated DNA R-HSA-1834949,0.03411758472221407,108.56815667877291,['NFKB2']
Reactome_2022,Hemostasis R-HSA-109582,0.03833834236239729,24.513446478965008,"['SERPINB2', 'PTPN6']"
Reactome_2022,Platelet Homeostasis R-HSA-418346,0.044725183473176736,75.43341417316094,['PTPN6']
Reactome_2022,Downstream TCR Signaling R-HSA-202424,0.05051411613720297,63.87049121569168,['HLA-DQA1']
Reactome_2022,MyD88 Cascade Initiated On Plasma Membrane R-HSA-975871,0.051563216555611455,62.08910527455818,['NFKB2']
Reactome_2022,TRAF6 Mediated Induction Of NFkB And MAP Kinases Upon TLR7/8 Or 9 Activation R-HSA-975138,0.054181359025060244,57.98475574455278,['NFKB2']
Reactome_2022,MyD88 Dependent Cascade Initiated On Endosome R-HSA-975155,0.05470419842989522,57.218658530075224,['NFKB2']
Reactome_2022,Toll Like Receptor 3 (TLR3) Cascade R-HSA-168164,0.055226775078966374,56.46947550554387,['NFKB2']
Reactome_2022,Toll Like Receptor 7/8 (TLR7/8) Cascade R-HSA-168181,0.055226775078966374,56.46947550554387,['NFKB2']
Reactome_2022,MHC Class II Antigen Presentation R-HSA-2132295,0.05574908910260626,55.73667787879545,['HLA-DQA1']
Reactome_2022,Toll Like Receptor 9 (TLR9) Cascade R-HSA-168138,0.056792929712261776,54.31822944685532,['NFKB2']
Reactome_2022,Interleukin-4 And Interleukin-13 Signaling R-HSA-6785807,0.05731445654280469,53.63162372466097,['IL1B']
Reactome_2022,MyD88-independent TLR4 Cascade R-HSA-166166,0.05731445654280469,53.63162372466097,['NFKB2']
Reactome_2022,Signaling By B Cell Receptor (BCR) R-HSA-983705,0.05835672384406997,52.30140127379555,['PTPN6']
Reactome_2022,MyD88:MAL(TIRAP) Cascade Initiated On Plasma Membrane R-HSA-166058,0.059918160687097384,50.40730639649694,['NFKB2']
Reactome_2022,TCR Signaling R-HSA-202403,0.06199641507314463,48.05496419291303,['HLA-DQA1']
Reactome_2022,Cell-Cell Communication R-HSA-1500931,0.06407049195104964,45.88085464119431,['PTPN6']
Reactome_2022,Cell Surface Interactions At Vascular Wall R-HSA-202733,0.07129697211276262,39.42687111437837,['PTPN6']
Reactome_2022,Toll Like Receptor 4 (TLR4) Cascade R-HSA-166016,0.0743784776967384,37.10934161629211,['NFKB2']
Reactome_2022,Toll-like Receptor Cascades R-HSA-168898,0.08559797531574136,30.27272103834212,['NFKB2']
Reactome_2022,SUMO E3 Ligases SUMOylate Target Proteins R-HSA-3108232,0.08863630660825882,28.762240982415527,['NFKB2']
Reactome_2022,SUMOylation R-HSA-2990846,0.0916654573897091,27.371390211455186,['NFKB2']
Reactome_2022,Ub-specific Processing Proteases R-HSA-5689880,0.10518369495092054,22.28287885995274,['IFIH1']
Reactome_2022,Programmed Cell Death R-HSA-5357801,0.10865843710367488,21.21113884815151,['IL1B']
Reactome_2022,Chromatin Modifying Enzymes R-HSA-3247509,0.12341168780848488,17.43701107096589,['NFKB2']
Reactome_2022,"Platelet Activation, Signaling And Aggregation R-HSA-76002",0.13118898832686987,15.844313049715986,['PTPN6']
Reactome_2022,Deubiquitination R-HSA-5688426,0.14321551004652938,13.779298717531033,['IFIH1']
Reactome_2022,Post-translational Protein Modification R-HSA-597592,0.17379941913549263,5.239564280576326,"['IFIH1', 'NFKB2']"
Reactome_2022,Neutrophil Degranulation R-HSA-6798695,0.22935291025361143,6.155463714629547,['PTPN6']
Reactome_2022,Signaling By Receptor Tyrosine Kinases R-HSA-9006934,0.24142156019220692,5.5969859856101545,['PTPN6']
Reactome_2022,Metabolism Of Proteins R-HSA-392499,0.27921113871425995,2.718105077266456,"['IFIH1', 'NFKB2']"
Reactome_2022,Signal Transduction R-HSA-162582,0.764783766749005,0.19072814753618425,['PTPN6']
GO_Biological_Process_2023,Response To Cytokine (GO:0034097),4.638003758326764e-07,1368.364434023139,"['CD40', 'IL1B', 'XAF1', 'NFKB2']"
GO_Biological_Process_2023,Positive Regulation Of Cytokine Production (GO:0001819),1.942249583450382e-05,385.9564611114423,"['IFIH1', 'CD40', 'IL1B', 'LTB']"
GO_Biological_Process_2023,Regulation Of Interleukin-6 Production (GO:0032675),2.8784273236474175e-05,702.1555224109571,"['IFIH1', 'IL1B', 'PTPN6']"
GO_Biological_Process_2023,Defense Response To Symbiont (GO:0140546),6.272587056543153e-05,496.61679524221194,"['IFIH1', 'CD40', 'IFI44L']"
GO_Biological_Process_2023,Defense Response To Virus (GO:0051607),0.00012960384727651793,357.3734057273108,"['IFIH1', 'CD40', 'IFI44L']"
GO_Biological_Process_2023,Positive Regulation Of Intracellular Signal Transduction (GO:1902533),0.0001337513225661701,190.45283973765456,"['CD40', 'IL1B', 'PTPN6', 'LTB']"
GO_Biological_Process_2023,Positive Regulation Of Interleukin-12 Production (GO:0032735),0.00014385734571119708,1265.67890445098,"['CD40', 'LTB']"
GO_Biological_Process_2023,Regulation Of I-kappaB kinase/NF-kappaB Signaling (GO:0043122),0.00023733376360016633,270.0619193722403,"['CD40', 'IL1B', 'LTB']"
GO_Biological_Process_2023,Inflammatory Response (GO:0006954),0.00024957663993424464,263.77263195587153,"['CD40', 'IL1B', 'NFKB2']"
GO_Biological_Process_2023,Cellular Response To Mechanical Stimulus (GO:0071260),0.00030595321755068756,779.6150655284314,"['CD40', 'IL1B']"
GO_Biological_Process_2023,Regulation Of Interleukin-12 Production (GO:0032655),0.000332063883264561,739.4956618223716,"['CD40', 'LTB']"
GO_Biological_Process_2023,Cellular Response To Cytokine Stimulus (GO:0071345),0.000544487568184882,181.89142459176105,"['CD40', 'IL1B', 'PTPN6']"
GO_Biological_Process_2023,Positive Regulation Of Lymphocyte Proliferation (GO:0050671),0.0007269171181885319,444.2411910549423,"['CD40', 'IL1B']"
GO_Biological_Process_2023,Positive Regulation Of Interleukin-6 Production (GO:0032755),0.000766557415655506,429.0158049324039,"['IFIH1', 'IL1B']"
GO_Biological_Process_2023,Cellular Response To Interleukin-1 (GO:0071347),0.0008701489723470014,394.66302789388175,"['CD40', 'IL1B']"
GO_Biological_Process_2023,Response To Interleukin-1 (GO:0070555),0.0009576257501889189,370.4623058756709,"['CD40', 'IL1B']"
GO_Biological_Process_2023,Positive Regulation Of MAP Kinase Activity (GO:0043406),0.001096478131856052,338.6553645055418,"['CD40', 'IL1B']"
GO_Biological_Process_2023,Positive Regulation Of Vasculature Development (GO:1904018),0.0014285426986205881,283.8382016858443,"['CD40', 'IL1B']"
GO_Biological_Process_2023,Positive Regulation Of T Cell Activation (GO:0050870),0.0015111984615165264,273.3198779565988,"['IL1B', 'HLA-DQA1']"
GO_Biological_Process_2023,Regulation Of MAP Kinase Activity (GO:0043405),0.0017127866353649158,251.20874510849845,"['CD40', 'IL1B']"
GO_Biological_Process_2023,Positive Regulation Of Protein Serine/Threonine Kinase Activity (GO:0071902),0.0018029056730844545,242.64927583244761,"['CD40', 'IL1B']"
GO_Biological_Process_2023,Positive Regulation Of Angiogenesis (GO:0045766),0.0018642217762422065,237.21512467016996,"['CD40', 'IL1B']"
GO_Biological_Process_2023,Regulation Of Tumor Necrosis Factor Production (GO:0032680),0.002119340192099299,217.41458651355765,"['IFIH1', 'PTPN6']"
GO_Biological_Process_2023,Regulation Of Immature T Cell Proliferation In Thymus (GO:0033084),0.002747205358336921,2946.3741195064317,['IL1B']
GO_Biological_Process_2023,Positive Regulation Of T-helper 1 Cell Cytokine Production (GO:2000556),0.002747205358336921,2946.3741195064317,['IL1B']
GO_Biological_Process_2023,Regulation Of T-helper 1 Cell Cytokine Production (GO:2000554),0.002747205358336921,2946.3741195064317,['IL1B']
GO_Biological_Process_2023,Regulation Of Calcidiol 1-Monooxygenase Activity (GO:0060558),0.002747205358336921,2946.3741195064317,['IL1B']
GO_Biological_Process_2023,Positive Regulation Of NF-kappaB Transcription Factor Activity (GO:0051092),0.0030171017548155797,170.57009631274764,"['CD40', 'IL1B']"
GO_Biological_Process_2023,Regulation Of Prostaglandin Biosynthetic Process (GO:0031392),0.0032958256764104633,2284.210591570385,['IL1B']
GO_Biological_Process_2023,Positive Regulation Of Humoral Immune Response (GO:0002922),0.0032958256764104633,2284.210591570385,['IL1B']
GO_Biological_Process_2023,Positive Regulation Of Icosanoid Secretion (GO:0032305),0.0032958256764104633,2284.210591570385,['IL1B']
GO_Biological_Process_2023,Hyaluronan Biosynthetic Process (GO:0030213),0.0032958256764104633,2284.210591570385,['IL1B']
GO_Biological_Process_2023,Regulation Of Adiponectin Secretion (GO:0070163),0.0032958256764104633,2284.210591570385,['IL1B']
GO_Biological_Process_2023,Positive Regulation Of Unsaturated Fatty Acid Biosynthetic Process (GO:2001280),0.0032958256764104633,2284.210591570385,['IL1B']
GO_Biological_Process_2023,Regulation Of Cell Adhesion Molecule Production (GO:0060353),0.0032958256764104633,2284.210591570385,['IL1B']
GO_Biological_Process_2023,Negative Regulation Of Inflammatory Response To Wounding (GO:0106015),0.00384417200458596,1852.1566750462314,['PTPN6']
GO_Biological_Process_2023,TRIF-dependent Toll-Like Receptor Signaling Pathway (GO:0035666),0.00384417200458596,1852.1566750462314,['CD40']
GO_Biological_Process_2023,Leukocyte Aggregation (GO:0070486),0.00384417200458596,1852.1566750462314,['IL1B']
GO_Biological_Process_2023,Positive Regulation Of I-kappaB kinase/NF-kappaB Signaling (GO:0043123),0.003975211164777851,140.70193389618012,"['CD40', 'LTB']"
GO_Biological_Process_2023,Negative Regulation Of Cytokine Production (GO:0001818),0.004109370718411461,137.45232156169675,"['PTPN6', 'XAF1']"
GO_Biological_Process_2023,Regulation Of Endothelial Cell Development (GO:1901550),0.004392244396163033,1549.43708775113,['IL1B']
GO_Biological_Process_2023,MyD88-independent Toll-Like Receptor Signaling Pathway (GO:0002756),0.004392244396163033,1549.43708775113,['CD40']
GO_Biological_Process_2023,Regulation Of Gap Junction Assembly (GO:1903596),0.004392244396163033,1549.43708775113,['IL1B']
GO_Biological_Process_2023,Regulation Of Glial Cell Proliferation (GO:0060251),0.004392244396163033,1549.43708775113,['IL1B']
GO_Biological_Process_2023,Positive Regulation Of Monocyte Chemotactic Protein-1 Production (GO:0071639),0.004392244396163033,1549.43708775113,['IL1B']
GO_Biological_Process_2023,Positive Regulation Of Protein Kinase C Signaling (GO:0090037),0.004392244396163033,1549.43708775113,['CD40']
GO_Biological_Process_2023,Regulation Of RNA Biosynthetic Process (GO:2001141),0.004392244396163033,1549.43708775113,['IL1B']
GO_Biological_Process_2023,Regulation Of Complement Activation (GO:0030449),0.0049400429229450454,1326.3340991921912,['IL1B']
GO_Biological_Process_2023,Negative Regulation Of Hormone Secretion (GO:0046888),0.0049400429229450454,1326.3340991921912,['IL1B']
GO_Biological_Process_2023,Regulation Of Inflammatory Response To Wounding (GO:0106014),0.0049400429229450454,1326.3340991921912,['PTPN6']
GO_Biological_Process_2023,Positive Regulation Of RNA Biosynthetic Process (GO:1902680),0.0049400429229450454,1326.3340991921912,['IL1B']
GO_Biological_Process_2023,Positive Regulation Of Vascular Endothelial Growth Factor Receptor Signaling Pathway (GO:0030949),0.0049400429229450454,1326.3340991921912,['IL1B']
GO_Biological_Process_2023,Regulation Of MAPK Cascade (GO:0043408),0.0053594577958809494,113.82188694681741,"['IL1B', 'PTPN6']"
GO_Biological_Process_2023,Regulation Of Angiogenesis (GO:0045765),0.005410636946465624,113.04961141831744,"['CD40', 'IL1B']"
GO_Biological_Process_2023,Negative Regulation Of Transmembrane Transport (GO:0034763),0.005487567669022947,1155.5699775561973,['IL1B']
GO_Biological_Process_2023,Negative Regulation Of Glucose Transmembrane Transport (GO:0010829),0.006034818727760455,1020.9687483548147,['IL1B']
GO_Biological_Process_2023,Regulation Of T Cell Mediated Immunity (GO:0002709),0.006034818727760455,1020.9687483548147,['IL1B']
GO_Biological_Process_2023,Regulation Of Monocyte Chemotactic Protein-1 Production (GO:0071637),0.006034818727760455,1020.9687483548147,['IL1B']
GO_Biological_Process_2023,Positive Regulation Of Protein Modification Process (GO:0031401),0.006481704325062646,99.24899173152043,"['CD40', 'IL1B']"
GO_Biological_Process_2023,Fibrinolysis (GO:0042730),0.006581796197874835,912.3494182081016,['SERPINB2']
GO_Biological_Process_2023,Positive Regulation Of Neuroinflammatory Response (GO:0150078),0.006581796197874835,912.3494182081016,['IL1B']
GO_Biological_Process_2023,Positive Regulation Of T-helper 1 Type Immune Response (GO:0002827),0.006581796197874835,912.3494182081016,['IL1B']
GO_Biological_Process_2023,Positive Regulation Of Protein Export From Nucleus (GO:0046827),0.006581796197874835,912.3494182081016,['IL1B']
GO_Biological_Process_2023,Regulation Of Monooxygenase Activity (GO:0032768),0.006581796197874835,912.3494182081016,['IL1B']
GO_Biological_Process_2023,Positive Regulation Of Phosphorylation (GO:0042327),0.006820509126721303,95.64225723447558,"['CD40', 'IL1B']"
GO_Biological_Process_2023,Positive Regulation Of Granulocyte Macrophage Colony-Stimulating Factor Production (GO:0032725),0.00712850018242009,822.994869532877,['IL1B']
GO_Biological_Process_2023,Immune Response-Regulating Cell Surface Receptor Signaling Pathway (GO:0002768),0.00712850018242009,822.994869532877,['CD40']
GO_Biological_Process_2023,Regulation Of ERK1 And ERK2 Cascade (GO:0070372),0.007581923588023181,88.5258252986995,"['IL1B', 'PTPN6']"
GO_Biological_Process_2023,Positive Regulation Of Heterotypic Cell-Cell Adhesion (GO:0034116),0.007674930787541144,748.3003458854362,['IL1B']
GO_Biological_Process_2023,Peptide Antigen Assembly With MHC Class II Protein Complex (GO:0002503),0.007674930787541144,748.3003458854362,['HLA-DQA1']
GO_Biological_Process_2023,Positive Regulation Of Membrane Protein Ectodomain Proteolysis (GO:0051044),0.007674930787541144,748.3003458854362,['IL1B']
GO_Biological_Process_2023,Cellular Response To Exogenous dsRNA (GO:0071360),0.007674930787541144,748.3003458854362,['IFIH1']
GO_Biological_Process_2023,MHC Class II Protein Complex Assembly (GO:0002399),0.007674930787541144,748.3003458854362,['HLA-DQA1']
GO_Biological_Process_2023,Positive Regulation Of Acute Inflammatory Response (GO:0002675),0.007674930787541144,748.3003458854362,['IL1B']
GO_Biological_Process_2023,Positive Regulation Of Adaptive Immune Response Based On Somatic Recombination Of Immune Receptors Built From Immunoglobulin Superfamily Domains (GO:0002824),0.007674930787541144,748.3003458854362,['IL1B']
GO_Biological_Process_2023,Hyaluronan Metabolic Process (GO:0030212),0.007674930787541144,748.3003458854362,['IL1B']
GO_Biological_Process_2023,Positive Regulation Of Response To Cytokine Stimulus (GO:0060760),0.007674930787541144,748.3003458854362,['IFIH1']
GO_Biological_Process_2023,Positive Regulation Of DNA-binding Transcription Factor Activity (GO:0051091),0.007702362085675535,87.5079020550734,"['CD40', 'IL1B']"
GO_Biological_Process_2023,Regulation Of Granulocyte Macrophage Colony-Stimulating Factor Production (GO:0032645),0.008221088123671455,685.0073410932765,['IL1B']
GO_Biological_Process_2023,Negative Regulation Of Synaptic Transmission (GO:0050805),0.008221088123671455,685.0073410932765,['IL1B']
GO_Biological_Process_2023,Defense Response To Protozoan (GO:0042832),0.008221088123671455,685.0073410932765,['CD40']
GO_Biological_Process_2023,Positive Regulation Of Endothelial Cell Apoptotic Process (GO:2000353),0.008221088123671455,685.0073410932765,['CD40']
GO_Biological_Process_2023,Cytokine-Mediated Signaling Pathway (GO:0019221),0.008380361137720557,82.23556384190609,"['IL1B', 'PTPN6']"
GO_Biological_Process_2023,Regulation Of Protein Kinase C Signaling (GO:0090036),0.008766972300957528,630.7474630602054,['CD40']
GO_Biological_Process_2023,Regulation Of Response To Cytokine Stimulus (GO:0060759),0.008766972300957528,630.7474630602054,['IFIH1']
GO_Biological_Process_2023,Regulation Of Establishment Of Endothelial Barrier (GO:1903140),0.008766972300957528,630.7474630602054,['IL1B']
GO_Biological_Process_2023,Regulation Of Protein Phosphorylation (GO:0001932),0.00888990675598134,78.7179692051316,"['CD40', 'IL1B']"
GO_Biological_Process_2023,Cellular Response To dsRNA (GO:0071359),0.009312583434128836,583.7594513941907,['IFIH1']
GO_Biological_Process_2023,Regulation Of Glucose Transmembrane Transport (GO:0010827),0.009312583434128836,583.7594513941907,['IL1B']
GO_Biological_Process_2023,Peptide Antigen Assembly With MHC Protein Complex (GO:0002501),0.009857921634816495,542.7073703814344,['HLA-DQA1']
GO_Biological_Process_2023,Negative Regulation Of Lipid Catabolic Process (GO:0050995),0.009857921634816495,542.7073703814344,['IL1B']
GO_Biological_Process_2023,Negative Regulation Of Nervous System Development (GO:0051961),0.009857921634816495,542.7073703814344,['IL1B']
GO_Biological_Process_2023,Immunoglobulin Production Involved In Immunoglobulin-Mediated Immune Response (GO:0002381),0.010402987018789436,506.5602322657193,['HLA-DQA1']
GO_Biological_Process_2023,Interleukin-1-Mediated Signaling Pathway (GO:0070498),0.010402987018789436,506.5602322657193,['IL1B']
GO_Biological_Process_2023,Regulation Of Neuroinflammatory Response (GO:0150077),0.010402987018789436,506.5602322657193,['IL1B']
GO_Biological_Process_2023,Positive Regulation Of Lipid Catabolic Process (GO:0050996),0.010947779702855981,474.5101770765117,['IL1B']
GO_Biological_Process_2023,Lipopolysaccharide-Mediated Signaling Pathway (GO:0031663),0.010947779702855981,474.5101770765117,['IL1B']
GO_Biological_Process_2023,Positive Regulation Of Interferon-Alpha Production (GO:0032727),0.011492299803033998,445.91556292503236,['IFIH1']
GO_Biological_Process_2023,Positive Regulation Of T Cell Cytokine Production (GO:0002726),0.011492299803033998,445.91556292503236,['IL1B']
GO_Biological_Process_2023,Regulation Of Membrane Protein Ectodomain Proteolysis (GO:0051043),0.011492299803033998,445.91556292503236,['IL1B']
GO_Biological_Process_2023,Positive Regulation Of MAPK Cascade (GO:0043410),0.012008953383788778,62.7932215375227,"['CD40', 'IL1B']"
GO_Biological_Process_2023,Regulation Of Protein Export From Nucleus (GO:0046825),0.012036547438812547,420.26056624547704,['IL1B']
GO_Biological_Process_2023,Negative Regulation Of Extrinsic Apoptotic Signaling Pathway In Absence Of Ligand (GO:2001240),0.012036547438812547,420.26056624547704,['IL1B']
GO_Biological_Process_2023,Regulation Of Vascular Endothelial Growth Factor Receptor Signaling Pathway (GO:0030947),0.012036547438812547,420.26056624547704,['IL1B']
GO_Biological_Process_2023,Negative Regulation Of Signal Transduction In Absence Of Ligand (GO:1901099),0.012036547438812547,420.26056624547704,['IL1B']
GO_Biological_Process_2023,Natural Killer Cell Mediated Immunity (GO:0002228),0.012036547438812547,420.26056624547704,['SLAMF7']
GO_Biological_Process_2023,Negative Regulation Of Cell Communication (GO:0010648),0.012036547438812547,420.26056624547704,['IL1B']
GO_Biological_Process_2023,Negative Regulation Of Cell Development (GO:0010721),0.012036547438812547,420.26056624547704,['IL1B']
GO_Biological_Process_2023,Regulation Of Lipid Catabolic Process (GO:0050994),0.012580522725551224,397.1259752205777,['IL1B']
GO_Biological_Process_2023,Cytosolic Pattern Recognition Receptor Signaling Pathway (GO:0002753),0.012580522725551224,397.1259752205777,['IFIH1']
GO_Biological_Process_2023,Positive Regulation Of Epithelial Cell Apoptotic Process (GO:1904037),0.012580522725551224,397.1259752205777,['CD40']
GO_Biological_Process_2023,Protein Kinase B Signaling (GO:0043491),0.013124225781325726,376.1677267870623,['IL1B']
GO_Biological_Process_2023,Positive Regulation Of Lipid Metabolic Process (GO:0045834),0.013124225781325726,376.1677267870623,['IL1B']
GO_Biological_Process_2023,Regulation Of Heterotypic Cell-Cell Adhesion (GO:0034114),0.013124225781325726,376.1677267870623,['IL1B']
GO_Biological_Process_2023,Positive Regulation Of p38MAPK Cascade (GO:1900745),0.013124225781325726,376.1677267870623,['IL1B']
GO_Biological_Process_2023,Natural Killer Cell Mediated Cytotoxicity (GO:0042267),0.013124225781325726,376.1677267870623,['SLAMF7']
GO_Biological_Process_2023,Negative Regulation Of Cell Junction Assembly (GO:1901889),0.013124225781325726,376.1677267870623,['IL1B']
GO_Biological_Process_2023,Positive Regulation Of Vascular Endothelial Growth Factor Production (GO:0010575),0.013124225781325726,376.1677267870623,['IL1B']
GO_Biological_Process_2023,Positive Regulation Of Interleukin-2 Production (GO:0032743),0.013667656724254873,357.1008995813401,['IL1B']
GO_Biological_Process_2023,Negative Regulation Of Response To Wounding (GO:1903035),0.013667656724254873,357.1008995813401,['PTPN6']
GO_Biological_Process_2023,Negative Regulation Of Insulin Receptor Signaling Pathway (GO:0046627),0.014210815676953212,339.6876146735057,['IL1B']
GO_Biological_Process_2023,Negative Regulation Of Lipid Metabolic Process (GO:0045833),0.014210815676953212,339.6876146735057,['IL1B']
GO_Biological_Process_2023,Positive Regulation Of Monooxygenase Activity (GO:0032770),0.014210815676953212,339.6876146735057,['IL1B']
GO_Biological_Process_2023,Positive Regulation Of Nuclear Division (GO:0051785),0.014210815676953212,339.6876146735057,['IL1B']
GO_Biological_Process_2023,Regulation Of Interferon-Alpha Production (GO:0032647),0.014210815676953212,339.6876146735057,['IFIH1']
GO_Biological_Process_2023,Regulation Of Vascular Endothelial Growth Factor Production (GO:0010574),0.014210815676953212,339.6876146735057,['IL1B']
GO_Biological_Process_2023,Cellular Response To Xenobiotic Stimulus (GO:0071466),0.014210815676953212,339.6876146735057,['IL1B']
GO_Biological_Process_2023,Antigen Processing And Presentation Of Exogenous Peptide Antigen Via MHC Class II (GO:0019886),0.014210815676953212,339.6876146735057,['HLA-DQA1']
GO_Biological_Process_2023,Regulation Of Extrinsic Apoptotic Signaling Pathway In Absence Of Ligand (GO:2001239),0.01475370275603204,323.7277777065472,['IL1B']
GO_Biological_Process_2023,Negative Regulation Of Neurogenesis (GO:0050768),0.01475370275603204,323.7277777065472,['IL1B']
GO_Biological_Process_2023,Positive Regulation Of Nitric Oxide Biosynthetic Process (GO:0045429),0.01475370275603204,323.7277777065472,['IL1B']
GO_Biological_Process_2023,Negative Regulation Of Cellular Response To Insulin Stimulus (GO:1900077),0.01475370275603204,323.7277777065472,['IL1B']
GO_Biological_Process_2023,Positive Regulation Of Nitric Oxide Metabolic Process (GO:1904407),0.015296318080509241,309.05191525436794,['IL1B']
GO_Biological_Process_2023,Negative Regulation Of Signaling (GO:0023057),0.015296318080509241,309.05191525436794,['IL1B']
GO_Biological_Process_2023,Antigen Processing And Presentation Of Peptide Antigen Via MHC Class II (GO:0002495),0.015296318080509241,309.05191525436794,['HLA-DQA1']
GO_Biological_Process_2023,Regulation Of Nitric-Oxide Synthase Activity (GO:0050999),0.015296318080509241,309.05191525436794,['IL1B']
GO_Biological_Process_2023,Peptidyl-Tyrosine Dephosphorylation (GO:0035335),0.01583866177167553,295.5155744703354,['PTPN6']
GO_Biological_Process_2023,Positive Regulation Of B Cell Proliferation (GO:0030890),0.01583866177167553,295.5155744703354,['CD40']
GO_Biological_Process_2023,Response To Interferon-Beta (GO:0035456),0.01583866177167553,295.5155744703354,['XAF1']
GO_Biological_Process_2023,Negative Regulation Of Peptidyl-Tyrosine Phosphorylation (GO:0050732),0.01638073395054089,282.994903106762,['PTPN6']
GO_Biological_Process_2023,Immunoglobulin Mediated Immune Response (GO:0016064),0.01638073395054089,282.994903106762,['HLA-DQA1']
GO_Biological_Process_2023,Negative Regulation Of Blood Coagulation (GO:0030195),0.01638073395054089,282.994903106762,['SERPINB2']
GO_Biological_Process_2023,B Cell Proliferation (GO:0042100),0.016922534733464,271.3831303578043,['CD40']
GO_Biological_Process_2023,Antigen Processing And Presentation Of Exogenous Peptide Antigen (GO:0002478),0.016922534733464,271.3831303578043,['HLA-DQA1']
GO_Biological_Process_2023,Positive Regulation Of Extrinsic Apoptotic Signaling Pathway (GO:2001238),0.016922534733464,271.3831303578043,['LTB']
GO_Biological_Process_2023,Positive Regulation Of Protein Phosphorylation (GO:0001934),0.01741752573627405,47.07683533308895,"['CD40', 'IL1B']"
GO_Biological_Process_2023,NIK/NF-kappaB Signaling (GO:0038061),0.017464064240814415,260.5877419554691,['NFKB2']
GO_Biological_Process_2023,Negative Regulation Of Cell Population Proliferation (GO:0008285),0.01759250827146451,46.70675697677627,"['IL1B', 'PTPN6']"
GO_Biological_Process_2023,Regulation Of Type I Interferon-Mediated Signaling Pathway (GO:0060338),0.01800532259639319,250.52819538044852,['PTPN6']
GO_Biological_Process_2023,Positive Regulation Of RNA Metabolic Process (GO:0051254),0.01800532259639319,250.52819538044852,['IL1B']
GO_Biological_Process_2023,Negative Regulation Of Interleukin-6 Production (GO:0032715),0.018546309917010683,241.13405880391542,['PTPN6']
GO_Biological_Process_2023,Positive Regulation Of Mitotic Nuclear Division (GO:0045840),0.01908702632439229,232.34348501767582,['IL1B']
GO_Biological_Process_2023,Response To Exogenous dsRNA (GO:0043330),0.01908702632439229,232.34348501767582,['IFIH1']
GO_Biological_Process_2023,Positive Regulation Of Interferon-Beta Production (GO:0032728),0.01962747193991364,224.10195239289595,['IFIH1']
GO_Biological_Process_2023,Positive Regulation Of Immune Effector Process (GO:0002699),0.020167646885642113,216.36122001333428,['IL1B']
GO_Biological_Process_2023,Regulation Of p38MAPK Cascade (GO:1900744),0.020167646885642113,216.36122001333428,['IL1B']
GO_Biological_Process_2023,Lymphocyte Proliferation (GO:0046651),0.020707551273270317,209.07845583696505,['CD40']
GO_Biological_Process_2023,Negative Regulation Of Type I Interferon Production (GO:0032480),0.020707551273270317,209.07845583696505,['XAF1']
GO_Biological_Process_2023,Negative Regulation Of Protein Secretion (GO:0050709),0.021247185233602552,202.2155053364779,['IL1B']
GO_Biological_Process_2023,Regulation Of Nitric Oxide Biosynthetic Process (GO:0045428),0.021247185233602552,202.2155053364779,['IL1B']
GO_Biological_Process_2023,Regulation Of Cytokine-Mediated Signaling Pathway (GO:0001959),0.02178654888216798,195.7382752343542,['PTPN6']
GO_Biological_Process_2023,Regulation Of Endothelial Cell Apoptotic Process (GO:2000351),0.02340301917551725,178.33046577189359,['CD40']
GO_Biological_Process_2023,Positive Regulation Of T Cell Mediated Immunity (GO:0002711),0.02340301917551725,178.33046577189359,['IL1B']
GO_Biological_Process_2023,Positive Regulation Of Leukocyte Cell-Cell Adhesion (GO:1903039),0.023941302793523297,173.11969096681065,['HLA-DQA1']
GO_Biological_Process_2023,Positive Regulation Of Nucleocytoplasmic Transport (GO:0046824),0.023941302793523297,173.11969096681065,['IL1B']
GO_Biological_Process_2023,Regulation Of Insulin Receptor Signaling Pathway (GO:0046626),0.023941302793523297,173.11969096681065,['IL1B']
GO_Biological_Process_2023,Regulation Of B Cell Proliferation (GO:0030888),0.023941302793523297,173.11969096681065,['CD40']
GO_Biological_Process_2023,I-kappaB kinase/NF-kappaB Signaling (GO:0007249),0.02447931669919003,168.16929253740548,['NFKB2']
GO_Biological_Process_2023,Natural Killer Cell Activation (GO:0030101),0.02447931669919003,168.16929253740548,['SLAMF7']
GO_Biological_Process_2023,Protein Sumoylation (GO:0016925),0.025017061022238465,163.46090194189088,['IFIH1']
GO_Biological_Process_2023,Positive Regulation Of Blood Vessel Endothelial Cell Migration (GO:0043536),0.025017061022238465,163.46090194189088,['CD40']
GO_Biological_Process_2023,Antiviral Innate Immune Response (GO:0140374),0.025017061022238465,163.46090194189088,['IFIH1']
GO_Biological_Process_2023,Positive Regulation Of Cell-Cell Adhesion (GO:0022409),0.025017061022238465,163.46090194189088,['IL1B']
GO_Biological_Process_2023,Regulation Of Nervous System Development (GO:0051960),0.025017061022238465,163.46090194189088,['IL1B']
GO_Biological_Process_2023,Positive Regulation Of Lymphocyte Activation (GO:0051251),0.02555453587694348,158.97781166869382,['HLA-DQA1']
GO_Biological_Process_2023,Regulation Of Interleukin-2 Production (GO:0032663),0.02555453587694348,158.97781166869382,['IL1B']
GO_Biological_Process_2023,Negative Regulation Of Tumor Necrosis Factor Production (GO:0032720),0.02555453587694348,158.97781166869382,['PTPN6']
GO_Biological_Process_2023,Positive Regulation Of Epithelial To Mesenchymal Transition (GO:0010718),0.02555453587694348,158.97781166869382,['IL1B']
GO_Biological_Process_2023,Negative Regulation Of Tumor Necrosis Factor Superfamily Cytokine Production (GO:1903556),0.02662867767591582,150.62793852241148,['PTPN6']
GO_Biological_Process_2023,Positive Regulation Of DNA-templated Transcription (GO:0045893),0.02712102830376961,20.454436444289318,"['CD40', 'IL1B', 'NFKB2']"
GO_Biological_Process_2023,Regulation Of Interferon-Beta Production (GO:0032648),0.027165344857992397,146.73452100035948,['IFIH1']
GO_Biological_Process_2023,Negative Regulation Of MAP Kinase Activity (GO:0043407),0.027701743059261864,143.01287394480332,['IL1B']
GO_Biological_Process_2023,Positive Regulation Of Cell Population Proliferation (GO:0008284),0.027710605684399623,32.319019975420524,"['IL1B', 'PTPN6']"
GO_Biological_Process_2023,Positive Regulation Of B Cell Activation (GO:0050871),0.02823787239566386,139.4522833938583,['CD40']
GO_Biological_Process_2023,Regulation Of Peptide Hormone Secretion (GO:0090276),0.02823787239566386,139.4522833938583,['IL1B']
GO_Biological_Process_2023,Regulation Of Cell Development (GO:0060284),0.02823787239566386,139.4522833938583,['IL1B']
GO_Biological_Process_2023,Negative Regulation Of Metabolic Process (GO:0009892),0.02877373299362358,136.0428936891653,['IL1B']
GO_Biological_Process_2023,Positive Regulation Of NIK/NF-kappaB Signaling (GO:1901224),0.02877373299362358,136.0428936891653,['IL1B']
GO_Biological_Process_2023,Negative Regulation Of Viral Genome Replication (GO:0045071),0.02877373299362358,136.0428936891653,['IFIH1']
GO_Biological_Process_2023,Positive Regulation Of Chemokine Production (GO:0032722),0.02877373299362358,136.0428936891653,['IL1B']
GO_Biological_Process_2023,Peptidyl-Tyrosine Modification (GO:0018212),0.02930932497110778,132.7756240232595,['PTPN6']
GO_Biological_Process_2023,Regulation Of Lipid Metabolic Process (GO:0019216),0.02930932497110778,132.7756240232595,['IL1B']
GO_Biological_Process_2023,Regulation Of Blood Vessel Endothelial Cell Migration (GO:0043535),0.02930932497110778,132.7756240232595,['CD40']
GO_Biological_Process_2023,Positive Regulation Of Tyrosine Phosphorylation Of STAT Protein (GO:0042531),0.029844648447595826,129.64209444665414,['CD40']
GO_Biological_Process_2023,Pattern Recognition Receptor Signaling Pathway (GO:0002221),0.03037970354233477,126.63456015986765,['IFIH1']
GO_Biological_Process_2023,Regulation Of Mitotic Nuclear Division (GO:0007088),0.03037970354233477,126.63456015986765,['IL1B']
GO_Biological_Process_2023,Glycosaminoglycan Biosynthetic Process (GO:0006024),0.03144900907971979,120.96932931919562,['IL1B']
GO_Biological_Process_2023,Response To Organic Cyclic Compound (GO:0014070),0.03144900907971979,120.96932931919562,['IL1B']
GO_Biological_Process_2023,Positive Regulation Of Type II Interferon Production (GO:0032729),0.03144900907971979,120.96932931919562,['IL1B']
GO_Biological_Process_2023,Regulation Of Phagocytosis (GO:0050764),0.03144900907971979,120.96932931919562,['IL1B']
GO_Biological_Process_2023,Regulation Of Type I Interferon Production (GO:0032479),0.03198325976038446,118.2988232215442,['XAF1']
GO_Biological_Process_2023,Positive Regulation Of Proteolysis (GO:0045862),0.03198325976038446,118.2988232215442,['IL1B']
GO_Biological_Process_2023,Regulation Of Extrinsic Apoptotic Signaling Pathway (GO:2001236),0.03251724254582002,115.72860487101575,['LTB']
GO_Biological_Process_2023,Negative Regulation Of Peptidase Activity (GO:0010466),0.03251724254582002,115.72860487101575,['SERPINB2']
GO_Biological_Process_2023,Positive Regulation Of Phagocytosis (GO:0050766),0.03251724254582002,115.72860487101575,['IL1B']
GO_Biological_Process_2023,Positive Regulation Of Interleukin-8 Production (GO:0032757),0.03305095755598113,113.25334294423654,['IL1B']
GO_Biological_Process_2023,Negative Regulation Of Viral Process (GO:0048525),0.03305095755598113,113.25334294423654,['IFIH1']
GO_Biological_Process_2023,Positive Regulation Of Apoptotic Signaling Pathway (GO:2001235),0.03358440490598319,110.86807091829407,['LTB']
GO_Biological_Process_2023,Regulation Of T Cell Activation (GO:0050863),0.03358440490598319,110.86807091829407,['HLA-DQA1']
GO_Biological_Process_2023,Negative Regulation Of Cellular Process (GO:0048523),0.03371006079769583,27.392839600881715,"['IL1B', 'PTPN6']"
GO_Biological_Process_2023,Cellular Response To Virus (GO:0098586),0.03465049711893463,106.3492751339043,['IFIH1']
GO_Biological_Process_2023,Positive Regulation Of Type I Interferon Production (GO:0032481),0.03465049711893463,106.3492751339043,['IFIH1']
GO_Biological_Process_2023,Regulation Of Tyrosine Phosphorylation Of STAT Protein (GO:0042509),0.035183142220876845,104.20738341965524,['CD40']
GO_Biological_Process_2023,Positive Regulation Of T Cell Proliferation (GO:0042102),0.035183142220876845,104.20738341965524,['IL1B']
GO_Biological_Process_2023,Negative Regulation Of Endopeptidase Activity (GO:0010951),0.03571552014502453,102.13869848967185,['SERPINB2']
GO_Biological_Process_2023,Peptidyl-Tyrosine Phosphorylation (GO:0018108),0.03624763101785663,100.13967676460433,['PTPN6']
GO_Biological_Process_2023,Regulation Of Viral Genome Replication (GO:0045069),0.03624763101785663,100.13967676460433,['IFIH1']
GO_Biological_Process_2023,Regulation Of Neurogenesis (GO:0050767),0.03624763101785663,100.13967676460433,['IL1B']
GO_Biological_Process_2023,Regulation Of Endopeptidase Activity (GO:0052548),0.03731105207809084,96.33753689320037,['SERPINB2']
GO_Biological_Process_2023,Positive Regulation Of Phosphatidylinositol 3-Kinase Signaling (GO:0014068),0.03731105207809084,96.33753689320037,['PTPN6']
GO_Biological_Process_2023,Response To Molecule Of Bacterial Origin (GO:0002237),0.03731105207809084,96.33753689320037,['IL1B']
GO_Biological_Process_2023,Negative Regulation Of Extrinsic Apoptotic Signaling Pathway (GO:2001237),0.037842362503763806,94.52837096535384,['IL1B']
GO_Biological_Process_2023,Negative Regulation Of Catabolic Process (GO:0009895),0.03890418375818435,91.0800620630536,['IL1B']
GO_Biological_Process_2023,Positive Regulation Of Secretion By Cell (GO:1903532),0.039434694821538385,89.43588520720674,['IL1B']
GO_Biological_Process_2023,Regulation Of Cell Cycle G1/S Phase Transition (GO:1902806),0.03996493967487146,87.84191112168185,['PTPN6']
GO_Biological_Process_2023,Positive Regulation Of Cellular Process (GO:0048522),0.04055467587331076,23.33686413156261,"['IL1B', 'PTPN6']"
GO_Biological_Process_2023,Positive Regulation Of JNK Cascade (GO:0046330),0.0415540781399269,83.34008705275691,['IL1B']
GO_Biological_Process_2023,Regulation Of T Cell Proliferation (GO:0042129),0.0415540781399269,83.34008705275691,['IL1B']
GO_Biological_Process_2023,Positive Regulation Of Response To Stimulus (GO:0048584),0.0415540781399269,83.34008705275691,['IFIH1']
GO_Biological_Process_2023,Regulation Of Innate Immune Response (GO:0045088),0.042083259330542556,81.92637908684091,['PTPN6']
GO_Biological_Process_2023,Positive Regulation Of Tumor Necrosis Factor Production (GO:0032760),0.042083259330542556,81.92637908684091,['IFIH1']
GO_Biological_Process_2023,Positive Regulation Of Catabolic Process (GO:0009896),0.04261217490903927,80.55314827174135,['IL1B']
GO_Biological_Process_2023,Positive Regulation Of Endocytosis (GO:0045807),0.04261217490903927,80.55314827174135,['IL1B']
GO_Biological_Process_2023,Negative Regulation Of Protein Serine/Threonine Kinase Activity (GO:0071901),0.04314082499469826,79.21875265135186,['IL1B']
GO_Biological_Process_2023,Response To Type II Interferon (GO:0034341),0.04314082499469826,79.21875265135186,['CD40']
GO_Biological_Process_2023,Regulation Of Interleukin-8 Production (GO:0032677),0.04366920970201921,77.92163622636126,['IL1B']
GO_Biological_Process_2023,Cellular Response To Organic Substance (GO:0071310),0.04419732915189926,76.6603234550211,['IL1B']
GO_Biological_Process_2023,Positive Regulation Of Tumor Necrosis Factor Superfamily Cytokine Production (GO:1903557),0.04419732915189926,76.6603234550211,['IFIH1']
GO_Biological_Process_2023,Regulation Of Epithelial To Mesenchymal Transition (GO:0010717),0.044725183473176736,75.43341417316094,['IL1B']
GO_Biological_Process_2023,Regulation Of NIK/NF-kappaB Signaling (GO:1901222),0.044725183473176736,75.43341417316094,['IL1B']
GO_Biological_Process_2023,Defense Response To Gram-positive Bacterium (GO:0050830),0.0457800971719973,73.07755450297252,['IL1B']
GO_Biological_Process_2023,Positive Regulation Of Endothelial Cell Migration (GO:0010595),0.0457800971719973,73.07755450297252,['CD40']
GO_Biological_Process_2023,Regulation Of Mitotic Cell Cycle Phase Transition (GO:1901990),0.04630715680061324,71.94614007723759,['PTPN6']
GO_Biological_Process_2023,Regulation Of Type II Interferon Production (GO:0032649),0.04683395176457438,70.84419329504821,['IL1B']
GO_Biological_Process_2023,Regulation Of Insulin Secretion (GO:0050796),0.04683395176457438,70.84419329504821,['IL1B']
GO_Biological_Process_2023,Regulation Of Peptidyl-Tyrosine Phosphorylation (GO:0050730),0.04841274991635465,67.70454183296923,['PTPN6']
GO_Biological_Process_2023,Regulation Of Phosphatidylinositol 3-Kinase Signaling (GO:0014066),0.04841274991635465,67.70454183296923,['PTPN6']
GO_Biological_Process_2023,B Cell Activation (GO:0042113),0.04946396091014192,65.74016991684287,['CD40']
GO_Biological_Process_2023,Positive Regulation Of Protein Catabolic Process (GO:0045732),0.04946396091014192,65.74016991684287,['IL1B']
GO_Biological_Process_2023,Peptidyl-Lysine Modification (GO:0018205),0.05051411613720297,63.87049121569168,['IFIH1']
GO_Biological_Process_2023,MAPK Cascade (GO:0000165),0.052611263106800116,60.390164935250596,['IL1B']
GO_Biological_Process_2023,Calcium Ion Homeostasis (GO:0055074),0.05470419842989522,57.218658530075224,['CD40']
GO_Biological_Process_2023,Regulation Of Protein Secretion (GO:0050708),0.05470419842989522,57.218658530075224,['IL1B']
GO_Biological_Process_2023,Positive Regulation Of Inflammatory Response (GO:0050729),0.05574908910260626,55.73667787879545,['IL1B']
GO_Biological_Process_2023,Negative Regulation Of MAPK Cascade (GO:0043409),0.0562711406066492,55.01975823103713,['IL1B']
GO_Biological_Process_2023,Positive Regulation Of Stress-Activated MAPK Cascade (GO:0032874),0.0562711406066492,55.01975823103713,['IL1B']
GO_Biological_Process_2023,Regulation Of G1/S Transition Of Mitotic Cell Cycle (GO:2000045),0.056792929712261776,54.31822944685532,['PTPN6']
GO_Biological_Process_2023,Response To Tumor Necrosis Factor (GO:0034612),0.057835721217223385,52.959491641957904,['CD40']
GO_Biological_Process_2023,Regulation Of JNK Cascade (GO:0046328),0.058877464556040184,51.65693734856973,['IL1B']
GO_Biological_Process_2023,Response To Lipid (GO:0033993),0.058877464556040184,51.65693734856973,['IL1B']
GO_Biological_Process_2023,Negative Regulation Of Inflammatory Response (GO:0050728),0.059397943461760805,51.02570047699274,['PTPN6']
GO_Biological_Process_2023,T Cell Activation (GO:0042110),0.059397943461760805,51.02570047699274,['SLAMF7']
GO_Biological_Process_2023,Cellular Response To Molecule Of Bacterial Origin (GO:0071219),0.06251532564178373,47.49550276790471,['IL1B']
GO_Biological_Process_2023,Positive Regulation Of Cell Cycle Process (GO:0090068),0.06303397522541687,46.94685961789818,['IL1B']
GO_Biological_Process_2023,Cellular Response To Tumor Necrosis Factor (GO:0071356),0.06355236396517258,46.408738746473205,['CD40']
GO_Biological_Process_2023,Regulation Of Cell Population Proliferation (GO:0042127),0.06407785817720506,15.364658030503309,"['IL1B', 'PTPN6']"
GO_Biological_Process_2023,Positive Regulation Of Macromolecule Biosynthetic Process (GO:0010557),0.06510596618845048,44.85470428875659,['IL1B']
GO_Biological_Process_2023,Modulation Of Chemical Synaptic Transmission (GO:0050804),0.06562331267019857,44.3559153884753,['IL1B']
GO_Biological_Process_2023,Protein Dephosphorylation (GO:0006470),0.06614039888187752,43.86631714557356,['PTPN6']
GO_Biological_Process_2023,Cellular Response To Lipopolysaccharide (GO:0071222),0.06614039888187752,43.86631714557356,['IL1B']
GO_Biological_Process_2023,Positive Regulation Of Defense Response (GO:0031349),0.06614039888187752,43.86631714557356,['IL1B']
GO_Biological_Process_2023,Positive Regulation Of Intracellular Protein Transport (GO:0090316),0.06717379097360096,42.91374259788014,['IL1B']
GO_Biological_Process_2023,Protein-Containing Complex Organization (GO:0043933),0.06717379097360096,42.91374259788014,['CD40']
GO_Biological_Process_2023,Positive Regulation Of Peptidyl-Tyrosine Phosphorylation (GO:0050731),0.06923745710256594,41.1088648413353,['CD40']
GO_Biological_Process_2023,Intracellular Calcium Ion Homeostasis (GO:0006874),0.07386553979752421,37.47967865613064,['CD40']
GO_Biological_Process_2023,Positive Regulation Of Cellular Catabolic Process (GO:0031331),0.07745068546971694,35.00911135940426,['IL1B']
GO_Biological_Process_2023,Dephosphorylation (GO:0016311),0.07796181792371293,34.67817161188282,['PTPN6']
GO_Biological_Process_2023,Negative Regulation Of Protein Phosphorylation (GO:0001933),0.07898331056806558,34.031587618122906,['PTPN6']
GO_Biological_Process_2023,Cellular Response To Organic Cyclic Compound (GO:0071407),0.08051362066732017,33.09830919045184,['IL1B']
GO_Biological_Process_2023,Positive Regulation Of Response To External Stimulus (GO:0032103),0.08204161892727208,32.20648378609581,['IL1B']
GO_Biological_Process_2023,Response To Lipopolysaccharide (GO:0032496),0.08407535915990233,31.077458185860923,['IL1B']
GO_Biological_Process_2023,Regulation Of Cytokine Production (GO:0001817),0.08813055627545927,29.005299838184783,['IFIH1']
GO_Biological_Process_2023,Positive Regulation Of Transcription By RNA Polymerase II (GO:0045944),0.09128451215399928,10.828247564029974,"['CD40', 'NFKB2']"
GO_Biological_Process_2023,Positive Regulation Of Cellular Biosynthetic Process (GO:0031328),0.0916654573897091,27.371390211455186,['IL1B']
GO_Biological_Process_2023,Positive Regulation Of Hydrolase Activity (GO:0051345),0.09267313851462232,26.932056271780073,['CD40']
GO_Biological_Process_2023,Intracellular Monoatomic Cation Homeostasis (GO:0030003),0.09969849992916127,24.153953454960053,['CD40']
GO_Biological_Process_2023,Regulation Of Programmed Cell Death (GO:0043067),0.10219554842566242,23.273074961378544,['PTPN6']
GO_Biological_Process_2023,Positive Regulation Of Protein Metabolic Process (GO:0051247),0.1026942019426715,23.103146910880294,['IL1B']
GO_Biological_Process_2023,Defense Response To Bacterium (GO:0042742),0.10667437520831993,21.81308356459046,['IL1B']
GO_Biological_Process_2023,Regulation Of GTPase Activity (GO:0043087),0.11162701955717426,20.357137235289958,['CD40']
GO_Biological_Process_2023,Positive Regulation Of Cell Motility (GO:2000147),0.11507900429547771,19.428761066206413,['IL1B']
GO_Biological_Process_2023,Cellular Response To Lipid (GO:0071396),0.11851879070185428,18.566562316427337,['IL1B']
GO_Biological_Process_2023,Apoptotic Process (GO:0006915),0.11851879070185428,18.566562316427337,['IL1B']
GO_Biological_Process_2023,Negative Regulation Of Multicellular Organismal Process (GO:0051241),0.11998926031220872,18.215676378264007,['IL1B']
GO_Biological_Process_2023,Positive Regulation Of GTPase Activity (GO:0043547),0.1214574995857652,17.875287093283262,['CD40']
GO_Biological_Process_2023,Regulation Of Inflammatory Response (GO:0050727),0.12438729930510922,17.22427413818764,['IL1B']
GO_Biological_Process_2023,Regulation Of Gene Expression (GO:0010468),0.12455781417471781,7.761666113358495,"['IL1B', 'NFKB2']"
GO_Biological_Process_2023,Cellular Component Assembly (GO:0022607),0.13408926610168828,15.30598198570044,['CD40']
GO_Biological_Process_2023,Positive Regulation Of Signal Transduction (GO:0009967),0.13698073960623197,14.79608847958579,['IL1B']
GO_Biological_Process_2023,Negative Regulation Of Signal Transduction (GO:0009968),0.1374617975671696,14.713723070907315,['IL1B']
GO_Biological_Process_2023,Positive Regulation Of Cell Migration (GO:0030335),0.1398634329517421,14.312567226108646,['IL1B']
GO_Biological_Process_2023,Positive Regulation Of Cell Differentiation (GO:0045597),0.14512564631064567,13.488500773764908,['IL1B']
GO_Biological_Process_2023,Regulation Of Intracellular Signal Transduction (GO:1902531),0.15178067642718465,12.543101865269113,['IL1B']
GO_Biological_Process_2023,Protein-Containing Complex Assembly (GO:0065003),0.16634952157845004,10.785022803290294,['CD40']
GO_Biological_Process_2023,Protein Modification By Small Protein Conjugation (GO:0032446),0.18298247255923147,9.182399368003196,['IFIH1']
GO_Biological_Process_2023,Positive Regulation Of Macromolecule Metabolic Process (GO:0010604),0.18298247255923147,9.182399368003196,['IL1B']
GO_Biological_Process_2023,Positive Regulation Of Multicellular Organismal Process (GO:0051240),0.19345053380179308,8.342617511437098,['IL1B']
GO_Biological_Process_2023,Cellular Response To Oxygen-Containing Compound (GO:1901701),0.20200593341871595,7.734269026727764,['IL1B']
GO_Biological_Process_2023,Regulation Of Cell Migration (GO:0030334),0.2144635774164784,6.953514532815357,['IL1B']
GO_Biological_Process_2023,Regulation Of Nucleic Acid-Templated Transcription (GO:1903506),0.2223784262078615,6.512845984951964,['NFKB2']
GO_Biological_Process_2023,Positive Regulation Of Gene Expression (GO:0010628),0.23454640067085922,5.906364696972251,['IL1B']
GO_Biological_Process_2023,Protein Phosphorylation (GO:0006468),0.2431315551769016,5.5234136730827625,['PTPN6']
GO_Biological_Process_2023,Positive Regulation Of Nucleic Acid-Templated Transcription (GO:1903508),0.2671212337227653,4.613773998931812,['IL1B']
GO_Biological_Process_2023,Regulation Of DNA-templated Transcription (GO:0006355),0.2860227391457826,2.6176710118362756,"['IL1B', 'NFKB2']"
GO_Biological_Process_2023,Regulation Of Transcription By RNA Polymerase II (GO:0006357),0.30860999771292014,2.316407252341821,"['CD40', 'NFKB2']"
GO_Biological_Process_2023,Regulation Of Apoptotic Process (GO:0042981),0.3262181013211055,3.068586189118707,['PTPN6']
GO_Biological_Process_2023,Protein Modification Process (GO:0036211),0.3285198351166079,3.022616095415397,['PTPN6']
